name,code,date,lower,upper
CME FedWatch Tool: 10 Dec 2025 Meeting: Between 0-25,539834737,2025-12-10,0,25
CME FedWatch Tool: 10 Dec 2025 Meeting: Between 25-50,539834747,2025-12-10,25,50
CME FedWatch Tool: 10 Dec 2025 Meeting: Between 50-75,539834757,2025-12-10,50,75
CME FedWatch Tool: 10 Dec 2025 Meeting: Between 75-100,539834767,2025-12-10,75,100
CME FedWatch Tool: 10 Dec 2025 Meeting: Between 100-125,539834777,2025-12-10,100,125
CME FedWatch Tool: 10 Dec 2025 Meeting: Between 125-150,539834787,2025-12-10,125,150
CME FedWatch Tool: 10 Dec 2025 Meeting: Between 150-175,539834797,2025-12-10,150,175
CME FedWatch Tool: 10 Dec 2025 Meeting: Between 175-200,539834807,2025-12-10,175,200
CME FedWatch Tool: 10 Dec 2025 Meeting: Between 200-225,539834817,2025-12-10,200,225
CME FedWatch Tool: 10 Dec 2025 Meeting: Between 225-250,539834827,2025-12-10,225,250
CME FedWatch Tool: 10 Dec 2025 Meeting: Between 250-275,539834837,2025-12-10,250,275
CME FedWatch Tool: 10 Dec 2025 Meeting: Between 275-300,539834847,2025-12-10,275,300
CME FedWatch Tool: 10 Dec 2025 Meeting: Between 300-325,539834857,2025-12-10,300,325
CME FedWatch Tool: 10 Dec 2025 Meeting: Between 325-350,539834867,2025-12-10,325,350
CME FedWatch Tool: 10 Dec 2025 Meeting: Between 350-375,539834877,2025-12-10,350,375
CME FedWatch Tool: 10 Dec 2025 Meeting: Between 375-400,539834887,2025-12-10,375,400
CME FedWatch Tool: 10 Dec 2025 Meeting: Between 400-425,539834897,2025-12-10,400,425
CME FedWatch Tool: 10 Dec 2025 Meeting: Between 425-450,539834907,2025-12-10,425,450
CME FedWatch Tool: 10 Dec 2025 Meeting: Between 450-475,539834917,2025-12-10,450,475
CME FedWatch Tool: 10 Dec 2025 Meeting: Between 475-500,539834927,2025-12-10,475,500
CME FedWatch Tool: 10 Dec 2025 Meeting: Between 500-525,539834937,2025-12-10,500,525
CME FedWatch Tool: 10 Dec 2025 Meeting: Between 525-550,539834947,2025-12-10,525,550
CME FedWatch Tool: 10 Dec 2025 Meeting: Between 550-575,539834957,2025-12-10,550,575
CME FedWatch Tool: 10 Dec 2025 Meeting: Between 575-600,539834967,2025-12-10,575,600
CME FedWatch Tool: 10 Dec 2025 Meeting: Between 600-625,539834977,2025-12-10,600,625
CME FedWatch Tool: 10 Dec 2025 Meeting: Between 625-650,539834987,2025-12-10,625,650
CME FedWatch Tool: 28 Jan 2026 Meeting: Between 0-25,541230627,2026-01-28,0,25
CME FedWatch Tool: 28 Jan 2026 Meeting: Between 25-50,541230637,2026-01-28,25,50
CME FedWatch Tool: 28 Jan 2026 Meeting: Between 50-75,541230647,2026-01-28,50,75
CME FedWatch Tool: 28 Jan 2026 Meeting: Between 75-100,541230657,2026-01-28,75,100
CME FedWatch Tool: 28 Jan 2026 Meeting: Between 100-125,541230667,2026-01-28,100,125
CME FedWatch Tool: 28 Jan 2026 Meeting: Between 125-150,541230677,2026-01-28,125,150
CME FedWatch Tool: 28 Jan 2026 Meeting: Between 150-175,541230687,2026-01-28,150,175
CME FedWatch Tool: 28 Jan 2026 Meeting: Between 175-200,541230697,2026-01-28,175,200
CME FedWatch Tool: 28 Jan 2026 Meeting: Between 200-225,541230707,2026-01-28,200,225
CME FedWatch Tool: 28 Jan 2026 Meeting: Between 225-250,541230717,2026-01-28,225,250
CME FedWatch Tool: 28 Jan 2026 Meeting: Between 250-275,541230727,2026-01-28,250,275
CME FedWatch Tool: 28 Jan 2026 Meeting: Between 275-300,541230737,2026-01-28,275,300
CME FedWatch Tool: 28 Jan 2026 Meeting: Between 300-325,541230747,2026-01-28,300,325
CME FedWatch Tool: 28 Jan 2026 Meeting: Between 325-350,541230757,2026-01-28,325,350
CME FedWatch Tool: 28 Jan 2026 Meeting: Between 350-375,541230767,2026-01-28,350,375
CME FedWatch Tool: 28 Jan 2026 Meeting: Between 375-400,541230777,2026-01-28,375,400
CME FedWatch Tool: 28 Jan 2026 Meeting: Between 400-425,541230787,2026-01-28,400,425
CME FedWatch Tool: 28 Jan 2026 Meeting: Between 425-450,541230797,2026-01-28,425,450
CME FedWatch Tool: 28 Jan 2026 Meeting: Between 450-475,541230807,2026-01-28,450,475
CME FedWatch Tool: 28 Jan 2026 Meeting: Between 475-500,541230817,2026-01-28,475,500
CME FedWatch Tool: 28 Jan 2026 Meeting: Between 500-525,541230827,2026-01-28,500,525
CME FedWatch Tool: 28 Jan 2026 Meeting: Between 525-550,541230837,2026-01-28,525,550
CME FedWatch Tool: 28 Jan 2026 Meeting: Between 550-575,541230847,2026-01-28,550,575
CME FedWatch Tool: 28 Jan 2026 Meeting: Between 575-600,541230857,2026-01-28,575,600
CME FedWatch Tool: 28 Jan 2026 Meeting: Between 600-625,541230867,2026-01-28,600,625
CME FedWatch Tool: 28 Jan 2026 Meeting: Between 625-650,541230877,2026-01-28,625,650
CME FedWatch Tool: 18 Mar 2026 Meeting: Between 0-25,541359567,2026-03-18,0,25
CME FedWatch Tool: 18 Mar 2026 Meeting: Between 25-50,541359577,2026-03-18,25,50
CME FedWatch Tool: 18 Mar 2026 Meeting: Between 50-75,541359587,2026-03-18,50,75
CME FedWatch Tool: 18 Mar 2026 Meeting: Between 75-100,541359597,2026-03-18,75,100
CME FedWatch Tool: 18 Mar 2026 Meeting: Between 100-125,541359607,2026-03-18,100,125
CME FedWatch Tool: 18 Mar 2026 Meeting: Between 125-150,541359617,2026-03-18,125,150
CME FedWatch Tool: 18 Mar 2026 Meeting: Between 150-175,541359627,2026-03-18,150,175
CME FedWatch Tool: 18 Mar 2026 Meeting: Between 175-200,541359637,2026-03-18,175,200
CME FedWatch Tool: 18 Mar 2026 Meeting: Between 200-225,541359647,2026-03-18,200,225
CME FedWatch Tool: 18 Mar 2026 Meeting: Between 225-250,541359657,2026-03-18,225,250
CME FedWatch Tool: 18 Mar 2026 Meeting: Between 250-275,541359667,2026-03-18,250,275
CME FedWatch Tool: 18 Mar 2026 Meeting: Between 275-300,541359677,2026-03-18,275,300
CME FedWatch Tool: 18 Mar 2026 Meeting: Between 300-325,541359687,2026-03-18,300,325
CME FedWatch Tool: 18 Mar 2026 Meeting: Between 325-350,541359697,2026-03-18,325,350
CME FedWatch Tool: 18 Mar 2026 Meeting: Between 350-375,541359707,2026-03-18,350,375
CME FedWatch Tool: 18 Mar 2026 Meeting: Between 375-400,541359717,2026-03-18,375,400
CME FedWatch Tool: 18 Mar 2026 Meeting: Between 400-425,541359727,2026-03-18,400,425
CME FedWatch Tool: 18 Mar 2026 Meeting: Between 425-450,541359737,2026-03-18,425,450
CME FedWatch Tool: 18 Mar 2026 Meeting: Between 450-475,541359747,2026-03-18,450,475
CME FedWatch Tool: 18 Mar 2026 Meeting: Between 475-500,541359757,2026-03-18,475,500
CME FedWatch Tool: 18 Mar 2026 Meeting: Between 500-525,541359767,2026-03-18,500,525
CME FedWatch Tool: 18 Mar 2026 Meeting: Between 525-550,541359777,2026-03-18,525,550
CME FedWatch Tool: 18 Mar 2026 Meeting: Between 550-575,541359787,2026-03-18,550,575
CME FedWatch Tool: 18 Mar 2026 Meeting: Between 575-600,541359797,2026-03-18,575,600
CME FedWatch Tool: 18 Mar 2026 Meeting: Between 600-625,541359807,2026-03-18,600,625
CME FedWatch Tool: 18 Mar 2026 Meeting: Between 625-650,541359817,2026-03-18,625,650
CME FedWatch Tool: 29 Apr 2026 Meeting: Between 0-25,543119627,2026-04-29,0,25
CME FedWatch Tool: 29 Apr 2026 Meeting: Between 25-50,543119637,2026-04-29,25,50
CME FedWatch Tool: 29 Apr 2026 Meeting: Between 50-75,543119647,2026-04-29,50,75
CME FedWatch Tool: 29 Apr 2026 Meeting: Between 75-100,543119657,2026-04-29,75,100
CME FedWatch Tool: 29 Apr 2026 Meeting: Between 100-125,543119667,2026-04-29,100,125
CME FedWatch Tool: 29 Apr 2026 Meeting: Between 125-150,543119677,2026-04-29,125,150
CME FedWatch Tool: 29 Apr 2026 Meeting: Between 150-175,543119687,2026-04-29,150,175
CME FedWatch Tool: 29 Apr 2026 Meeting: Between 175-200,543119697,2026-04-29,175,200
CME FedWatch Tool: 29 Apr 2026 Meeting: Between 200-225,543119707,2026-04-29,200,225
CME FedWatch Tool: 29 Apr 2026 Meeting: Between 225-250,543119717,2026-04-29,225,250
CME FedWatch Tool: 29 Apr 2026 Meeting: Between 250-275,543119727,2026-04-29,250,275
CME FedWatch Tool: 29 Apr 2026 Meeting: Between 275-300,543119737,2026-04-29,275,300
CME FedWatch Tool: 29 Apr 2026 Meeting: Between 300-325,543119747,2026-04-29,300,325
CME FedWatch Tool: 29 Apr 2026 Meeting: Between 325-350,543119757,2026-04-29,325,350
CME FedWatch Tool: 29 Apr 2026 Meeting: Between 350-375,543119767,2026-04-29,350,375
CME FedWatch Tool: 29 Apr 2026 Meeting: Between 375-400,543119777,2026-04-29,375,400
CME FedWatch Tool: 29 Apr 2026 Meeting: Between 400-425,543119787,2026-04-29,400,425
CME FedWatch Tool: 29 Apr 2026 Meeting: Between 425-450,543119797,2026-04-29,425,450
CME FedWatch Tool: 29 Apr 2026 Meeting: Between 450-475,543119807,2026-04-29,450,475
CME FedWatch Tool: 29 Apr 2026 Meeting: Between 475-500,543119817,2026-04-29,475,500
CME FedWatch Tool: 29 Apr 2026 Meeting: Between 500-525,543119827,2026-04-29,500,525
CME FedWatch Tool: 29 Apr 2026 Meeting: Between 525-550,543119837,2026-04-29,525,550
CME FedWatch Tool: 29 Apr 2026 Meeting: Between 550-575,543119847,2026-04-29,550,575
CME FedWatch Tool: 29 Apr 2026 Meeting: Between 575-600,543119857,2026-04-29,575,600
CME FedWatch Tool: 29 Apr 2026 Meeting: Between 600-625,543119867,2026-04-29,600,625
CME FedWatch Tool: 29 Apr 2026 Meeting: Between 625-650,543119877,2026-04-29,625,650
CME FedWatch Tool: 17 Jun 2026 Meeting: Between 0-25,548376867,2026-06-17,0,25
CME FedWatch Tool: 17 Jun 2026 Meeting: Between 25-50,548376877,2026-06-17,25,50
CME FedWatch Tool: 17 Jun 2026 Meeting: Between 50-75,548376887,2026-06-17,50,75
CME FedWatch Tool: 17 Jun 2026 Meeting: Between 75-100,548376897,2026-06-17,75,100
CME FedWatch Tool: 17 Jun 2026 Meeting: Between 100-125,548376907,2026-06-17,100,125
CME FedWatch Tool: 17 Jun 2026 Meeting: Between 125-150,548376917,2026-06-17,125,150
CME FedWatch Tool: 17 Jun 2026 Meeting: Between 150-175,548376927,2026-06-17,150,175
CME FedWatch Tool: 17 Jun 2026 Meeting: Between 175-200,548376937,2026-06-17,175,200
CME FedWatch Tool: 17 Jun 2026 Meeting: Between 200-225,548376947,2026-06-17,200,225
CME FedWatch Tool: 17 Jun 2026 Meeting: Between 225-250,548376957,2026-06-17,225,250
CME FedWatch Tool: 17 Jun 2026 Meeting: Between 250-275,548376967,2026-06-17,250,275
CME FedWatch Tool: 17 Jun 2026 Meeting: Between 275-300,548376977,2026-06-17,275,300
CME FedWatch Tool: 17 Jun 2026 Meeting: Between 300-325,548376987,2026-06-17,300,325
CME FedWatch Tool: 17 Jun 2026 Meeting: Between 325-350,548376997,2026-06-17,325,350
CME FedWatch Tool: 17 Jun 2026 Meeting: Between 350-375,548377007,2026-06-17,350,375
CME FedWatch Tool: 17 Jun 2026 Meeting: Between 375-400,548377017,2026-06-17,375,400
CME FedWatch Tool: 17 Jun 2026 Meeting: Between 400-425,548377027,2026-06-17,400,425
CME FedWatch Tool: 17 Jun 2026 Meeting: Between 425-450,548377037,2026-06-17,425,450
CME FedWatch Tool: 17 Jun 2026 Meeting: Between 450-475,548377047,2026-06-17,450,475
CME FedWatch Tool: 17 Jun 2026 Meeting: Between 475-500,548377057,2026-06-17,475,500
CME FedWatch Tool: 17 Jun 2026 Meeting: Between 500-525,548377067,2026-06-17,500,525
CME FedWatch Tool: 17 Jun 2026 Meeting: Between 525-550,548377077,2026-06-17,525,550
CME FedWatch Tool: 17 Jun 2026 Meeting: Between 550-575,548377087,2026-06-17,550,575
CME FedWatch Tool: 17 Jun 2026 Meeting: Between 575-600,548377097,2026-06-17,575,600
CME FedWatch Tool: 17 Jun 2026 Meeting: Between 600-625,548377107,2026-06-17,600,625
CME FedWatch Tool: 17 Jun 2026 Meeting: Between 625-650,548377117,2026-06-17,625,650
CME FedWatch Tool: 29 Jul 2026 Meeting: Between 0-25,553246187,2026-07-29,0,25
CME FedWatch Tool: 29 Jul 2026 Meeting: Between 25-50,553246197,2026-07-29,25,50
CME FedWatch Tool: 29 Jul 2026 Meeting: Between 50-75,553246207,2026-07-29,50,75
CME FedWatch Tool: 29 Jul 2026 Meeting: Between 75-100,553246217,2026-07-29,75,100
CME FedWatch Tool: 29 Jul 2026 Meeting: Between 100-125,553246227,2026-07-29,100,125
CME FedWatch Tool: 29 Jul 2026 Meeting: Between 125-150,553246237,2026-07-29,125,150
CME FedWatch Tool: 29 Jul 2026 Meeting: Between 150-175,553246247,2026-07-29,150,175
CME FedWatch Tool: 29 Jul 2026 Meeting: Between 175-200,553246257,2026-07-29,175,200
CME FedWatch Tool: 29 Jul 2026 Meeting: Between 200-225,553246267,2026-07-29,200,225
CME FedWatch Tool: 29 Jul 2026 Meeting: Between 225-250,553246277,2026-07-29,225,250
CME FedWatch Tool: 29 Jul 2026 Meeting: Between 250-275,553246287,2026-07-29,250,275
CME FedWatch Tool: 29 Jul 2026 Meeting: Between 275-300,553246297,2026-07-29,275,300
CME FedWatch Tool: 29 Jul 2026 Meeting: Between 300-325,553246307,2026-07-29,300,325
CME FedWatch Tool: 29 Jul 2026 Meeting: Between 325-350,553246317,2026-07-29,325,350
CME FedWatch Tool: 29 Jul 2026 Meeting: Between 350-375,553246327,2026-07-29,350,375
CME FedWatch Tool: 29 Jul 2026 Meeting: Between 375-400,553246337,2026-07-29,375,400
CME FedWatch Tool: 29 Jul 2026 Meeting: Between 400-425,553246347,2026-07-29,400,425
CME FedWatch Tool: 29 Jul 2026 Meeting: Between 425-450,553246357,2026-07-29,425,450
CME FedWatch Tool: 29 Jul 2026 Meeting: Between 450-475,553246367,2026-07-29,450,475
CME FedWatch Tool: 29 Jul 2026 Meeting: Between 475-500,553246377,2026-07-29,475,500
CME FedWatch Tool: 29 Jul 2026 Meeting: Between 500-525,553246387,2026-07-29,500,525
CME FedWatch Tool: 29 Jul 2026 Meeting: Between 525-550,553246397,2026-07-29,525,550
CME FedWatch Tool: 29 Jul 2026 Meeting: Between 550-575,553246407,2026-07-29,550,575
CME FedWatch Tool: 29 Jul 2026 Meeting: Between 575-600,553246417,2026-07-29,575,600
CME FedWatch Tool: 29 Jul 2026 Meeting: Between 600-625,553246427,2026-07-29,600,625
CME FedWatch Tool: 29 Jul 2026 Meeting: Between 625-650,553246437,2026-07-29,625,650
CME FedWatch Tool: 16 Sep 2026 Meeting: Between 0-25,561817067,2026-09-16,0,25
CME FedWatch Tool: 16 Sep 2026 Meeting: Between 25-50,561817077,2026-09-16,25,50
CME FedWatch Tool: 16 Sep 2026 Meeting: Between 50-75,561817087,2026-09-16,50,75
CME FedWatch Tool: 16 Sep 2026 Meeting: Between 75-100,561817097,2026-09-16,75,100
CME FedWatch Tool: 16 Sep 2026 Meeting: Between 100-125,561817107,2026-09-16,100,125
CME FedWatch Tool: 16 Sep 2026 Meeting: Between 125-150,561817117,2026-09-16,125,150
CME FedWatch Tool: 16 Sep 2026 Meeting: Between 150-175,561817127,2026-09-16,150,175
CME FedWatch Tool: 16 Sep 2026 Meeting: Between 175-200,561817137,2026-09-16,175,200
CME FedWatch Tool: 16 Sep 2026 Meeting: Between 200-225,561817147,2026-09-16,200,225
CME FedWatch Tool: 16 Sep 2026 Meeting: Between 225-250,561817157,2026-09-16,225,250
CME FedWatch Tool: 16 Sep 2026 Meeting: Between 250-275,561817167,2026-09-16,250,275
CME FedWatch Tool: 16 Sep 2026 Meeting: Between 275-300,561817177,2026-09-16,275,300
CME FedWatch Tool: 16 Sep 2026 Meeting: Between 300-325,561817187,2026-09-16,300,325
CME FedWatch Tool: 16 Sep 2026 Meeting: Between 325-350,561817197,2026-09-16,325,350
CME FedWatch Tool: 16 Sep 2026 Meeting: Between 350-375,561817207,2026-09-16,350,375
CME FedWatch Tool: 16 Sep 2026 Meeting: Between 375-400,561817217,2026-09-16,375,400
CME FedWatch Tool: 16 Sep 2026 Meeting: Between 400-425,561817227,2026-09-16,400,425
CME FedWatch Tool: 16 Sep 2026 Meeting: Between 425-450,561817237,2026-09-16,425,450
CME FedWatch Tool: 16 Sep 2026 Meeting: Between 450-475,561817247,2026-09-16,450,475
CME FedWatch Tool: 16 Sep 2026 Meeting: Between 475-500,561817257,2026-09-16,475,500
CME FedWatch Tool: 16 Sep 2026 Meeting: Between 500-525,561817267,2026-09-16,500,525
CME FedWatch Tool: 16 Sep 2026 Meeting: Between 525-550,561817277,2026-09-16,525,550
CME FedWatch Tool: 16 Sep 2026 Meeting: Between 550-575,561817287,2026-09-16,550,575
CME FedWatch Tool: 16 Sep 2026 Meeting: Between 575-600,561817297,2026-09-16,575,600
CME FedWatch Tool: 16 Sep 2026 Meeting: Between 600-625,561817307,2026-09-16,600,625
CME FedWatch Tool: 28 Oct 2026 Meeting: Between 0-25,583313907,2026-10-28,0,25
CME FedWatch Tool: 28 Oct 2026 Meeting: Between 25-50,583313917,2026-10-28,25,50
CME FedWatch Tool: 28 Oct 2026 Meeting: Between 50-75,583313927,2026-10-28,50,75
CME FedWatch Tool: 28 Oct 2026 Meeting: Between 75-100,583313937,2026-10-28,75,100
CME FedWatch Tool: 28 Oct 2026 Meeting: Between 100-125,583313947,2026-10-28,100,125
CME FedWatch Tool: 28 Oct 2026 Meeting: Between 125-150,583313957,2026-10-28,125,150
CME FedWatch Tool: 28 Oct 2026 Meeting: Between 150-175,583313967,2026-10-28,150,175
CME FedWatch Tool: 28 Oct 2026 Meeting: Between 175-200,583313977,2026-10-28,175,200
CME FedWatch Tool: 28 Oct 2026 Meeting: Between 200-225,583313987,2026-10-28,200,225
CME FedWatch Tool: 28 Oct 2026 Meeting: Between 225-250,583313997,2026-10-28,225,250
CME FedWatch Tool: 28 Oct 2026 Meeting: Between 250-275,583314007,2026-10-28,250,275
CME FedWatch Tool: 28 Oct 2026 Meeting: Between 275-300,583314017,2026-10-28,275,300
CME FedWatch Tool: 28 Oct 2026 Meeting: Between 300-325,583314027,2026-10-28,300,325
CME FedWatch Tool: 28 Oct 2026 Meeting: Between 325-350,583314037,2026-10-28,325,350
CME FedWatch Tool: 28 Oct 2026 Meeting: Between 350-375,583314047,2026-10-28,350,375
CME FedWatch Tool: 28 Oct 2026 Meeting: Between 375-400,583314057,2026-10-28,375,400
CME FedWatch Tool: 28 Oct 2026 Meeting: Between 400-425,583314067,2026-10-28,400,425
CME FedWatch Tool: 28 Oct 2026 Meeting: Between 425-450,583314077,2026-10-28,425,450
CME FedWatch Tool: 28 Oct 2026 Meeting: Between 450-475,583314087,2026-10-28,450,475
CME FedWatch Tool: 28 Oct 2026 Meeting: Between 475-500,583314097,2026-10-28,475,500
CME FedWatch Tool: 28 Oct 2026 Meeting: Between 500-525,583314107,2026-10-28,500,525
CME FedWatch Tool: 28 Oct 2026 Meeting: Between 525-550,583314117,2026-10-28,525,550
CME FedWatch Tool: 28 Oct 2026 Meeting: Between 550-575,583314127,2026-10-28,550,575
CME FedWatch Tool: 28 Oct 2026 Meeting: Between 575-600,583314137,2026-10-28,575,600
CME FedWatch Tool: 28 Oct 2026 Meeting: Between 600-625,583314147,2026-10-28,600,625
CME FedWatch Tool: 28 Oct 2026 Meeting: Between 625-650,583314157,2026-10-28,625,650
CME FedWatch Tool: 09 Dec 2026 Meeting: Between 0-25,601574247,2026-12-09,0,25
CME FedWatch Tool: 09 Dec 2026 Meeting: Between 25-50,601574257,2026-12-09,25,50
CME FedWatch Tool: 09 Dec 2026 Meeting: Between 50-75,601574267,2026-12-09,50,75
CME FedWatch Tool: 09 Dec 2026 Meeting: Between 75-100,601574277,2026-12-09,75,100
CME FedWatch Tool: 09 Dec 2026 Meeting: Between 100-125,601574287,2026-12-09,100,125
CME FedWatch Tool: 09 Dec 2026 Meeting: Between 125-150,601574297,2026-12-09,125,150
CME FedWatch Tool: 09 Dec 2026 Meeting: Between 150-175,601574307,2026-12-09,150,175
CME FedWatch Tool: 09 Dec 2026 Meeting: Between 175-200,601574317,2026-12-09,175,200
CME FedWatch Tool: 09 Dec 2026 Meeting: Between 200-225,601574327,2026-12-09,200,225
CME FedWatch Tool: 09 Dec 2026 Meeting: Between 225-250,601574337,2026-12-09,225,250
CME FedWatch Tool: 09 Dec 2026 Meeting: Between 250-275,601574347,2026-12-09,250,275
CME FedWatch Tool: 09 Dec 2026 Meeting: Between 275-300,601574357,2026-12-09,275,300
CME FedWatch Tool: 09 Dec 2026 Meeting: Between 300-325,601574367,2026-12-09,300,325
CME FedWatch Tool: 09 Dec 2026 Meeting: Between 325-350,601574377,2026-12-09,325,350
CME FedWatch Tool: 09 Dec 2026 Meeting: Between 350-375,601574387,2026-12-09,350,375
CME FedWatch Tool: 09 Dec 2026 Meeting: Between 375-400,601574397,2026-12-09,375,400
CME FedWatch Tool: 09 Dec 2026 Meeting: Between 400-425,601574407,2026-12-09,400,425
CME FedWatch Tool: 09 Dec 2026 Meeting: Between 425-450,601574417,2026-12-09,425,450
CME FedWatch Tool: 09 Dec 2026 Meeting: Between 450-475,601574427,2026-12-09,450,475
CME FedWatch Tool: 09 Dec 2026 Meeting: Between 475-500,601574437,2026-12-09,475,500
CME FedWatch Tool: 09 Dec 2026 Meeting: Between 500-525,601574447,2026-12-09,500,525
CME FedWatch Tool: 09 Dec 2026 Meeting: Between 525-550,601574457,2026-12-09,525,550
CME FedWatch Tool: 09 Dec 2026 Meeting: Between 550-575,601574467,2026-12-09,550,575
CME FedWatch Tool: 09 Dec 2026 Meeting: Between 575-600,601574477,2026-12-09,575,600
CME FedWatch Tool: 09 Dec 2026 Meeting: Between 600-625,601574487,2026-12-09,600,625
CME FedWatch Tool: 09 Dec 2026 Meeting: Between 625-650,601574497,2026-12-09,625,650
